Day,Participant,Recording 1 Age,Recording 1 Height,Recording 1 Weight,Recording 2 Age,Recording 2 Height,Recording 2 Weight,Recording 3 Age,Recording 3 Height,Recording 3 Weight,Recording 4 Age,Recording 4 Height,Recording 4 Weight,Recording 5 Age,Recording 5 Height,Recording 5 Weight,Who is older in 6 and 7?,Who is taller in 6 and 7?,Who is heavier in 6 and 7?,Who is older in 8 and 9?,Who is taller in 8 and 9?,Who is heavier in 8 and 9?
1,correct,25,158.4,46,21,158.5,48.5,18,164.8,67.4,19,179.7,66.8,22,179.9,81.6,Recording 7,Recording 7,Recording 6,Recroding 8,Recording 9,Recording 8
1,rsingh,25,162.5,63.5,28,167.64,72.5,26,160,68,35,167.64,72.5,35,170.18,72.5,Recording 7,Recording 6,Recording 6,Recording 9,Recording 8,Recording 8
1,bhikshar,21,163,60,18,160,55,25,170,55,25,175,65,30,170,60,Recording 7,Recording 6,Recording 6,Recording 8,Recording 8,Recording 8
1,bmartin1,23,160,60,24,160,60,23,150,70,22,165,50,26,170,60,Recording 7,Recording 6,Recording 7,Recording 8,Recording 8,Recording 8
1,yang,17,158,55,18,165,65,22,160,60,25,170,65,23,165,60,Recording 7,Recording 7,Recording 6,Recording 9,Recording 8,Recording 9
1,hyd,23,155,40,20,150,45,24,155,45,25,160,50,25,150,50,Recording 7,Recording 7,Recording 6,Recording 9,Recording 8,Recording 9
1,yandongw,25,165,60,12,150,40,20,160,55,30,165,60,25,170,65,Recording 7,Recording 7,Recording 7,Recording 9,Recording 9,Recording 9
1,mahmoudi,25,175,65,21,173,66,19,165,70,29,170,75,31,160,69,Recording 7,Recording 6,Recording 7,Recording 9,Recording 8,Recording 9
1,samemon,28,167.64,62,26,165.1,65,20,165,50,30,170.18,60,27,167.64,58,Recording 7,Recording 7,Recording 6,Recording 9,Recording 8,Recording 9
1,yangyanx,28,170,60,25,160,50,22,160,50,22,165,55,26,170,60,Recording 6,Recording 6,Recording 7,Recording 9,Recording 8,Recording 8
1,wenbo,28,165,48,23,160,48,25,165,45,28,170,55,32,172,55,Recording 7,Recording 7,Recording 7,Recording 9,Recording 8,Recording 9
1,abelinoj,0,0,0,0,0,0,0,0,0,0,0,0,0,0,0,Recording 7,Recording 6,Recording 7,Recording 9,Recording 8,Recording 8
2,samemon,27,165,65,30,165,70,35,167,85,30,170.6,85,19,170.68,50,Recording 6,Recording 6,Recording 7,Recording 9,Recording 8,Recording 9
2,correct,18,161.2,65.5,18,162.5,61.8,20,152.4,62,18,166,53.8,18,152.9,57.6,Recording 6,Recording 6,Recording 6,Recording 9,Recording 9,Recording 9
2,samemon,27,165,65,30,165,70,35,167,85,30,170.6,85,19,170.68,50,Recording 6,Recording 6,Recording 7,Recording 9,Recording 8,Recording 9
2,bhikshar,18,170,60,20,170,65,24,165,75,19,180,60,21,170,70,Recording 7,Recording 7,Recording 6,Recording 9,Recording 9,Recording 9
2,mahmoudi,22,172,60,19,175,65,23,165,62,26,168,70,24,169,65,Recording 7,Recording 6,Recording 7,Recording 9,Recording 8,Recording 9
2,hyd,25,150,50,27,170,60,25,172,75,20,170,50,23,170,50,Recording 6,Recording 7,Recording 7,Recording 9,Recording 8,Recording 9
2,bmartin1,26,170,60,24,160,70,22,158,59,23,160,75,21,152,50,Recording 7,Recording 6,Recording 7,Recording 9,Recording 8,Recording 8
2,abelinoj,19,160,60,20,150,65,22,170,70,18,160,70,22,170,70,Recording 7,Recording 6,Recording 7,Recording 9,Recording 8,Recording 8
2,yandongw,20,165,60,19,165,65,21,160,55,18,165,60,20,160,55,Recording 7,Recording 6,Recording 6,Recording 9,Recording 9,Recording 8
2,yang,19,170,65,21,165,58,25,159,60,21,170,62,18,160,55,Recording 6,Recording 6,Recording 6,Recording 8,Recording 9,Recording 9
2,yangyanx,21,160,50,23,165,55,18,175,50,19,165,55,18,170,50,Recording 6,Recording 6,Recording 6,Recording 9,Recording 8,Recording 9
2,wenbo,20,170,70,24,172,70,22,168,74,18,170,65,22,174,70,Recording 6,Recording 7,Recording 6,Recording 9,Recording 9,Recording 8
2,rsingh,22,0,0,24,0,0,19,0,0,24,0,0,22,0,0,Recording 7,Recording 6,Recording 7,Recording 9,Recording 8,Recording 8
3,correct,68,186.6,91,19,163.9,46.6,39,163,68.1,44,153.5,68,22,164.4,55.2,Recording 6,Recording 6,-,Recording 8,Recording 9,Recording 8
3,bmartin1,72,159,60,19,158,55,30,165,65,35,160,56,23,155,50,Recording 7,Recording 7,Recording 7,Recording 9,Recording 8,Recording 9
3,bhikshar,50,165,70,18,160,60,40,165,55,20,170,65,22,160,65,Recording 6,Recording 7,Recording 7,Recording 8,Recording 9,Recording 8
3,yang,55,170,65,19,160,59,25,157,61,20,162,63,18,170,62,Recording 7,Recording 6,Recording 7,Recording 9,Recording 9,Recording 8
3,hyd,55,158,90,24,160,48,40,165,80,19,160,45,21,170,50,Recording 7,Recording 7,Recording 7,Recording 8,Recording 9,Recording 9
3,yandongw,40,160,65,20,160,60,25,159,55,30,161,50,19,162,60,Recording 7,Recording 7,Recording 7,Recording 9,Recording 9,Recording 9
3,samemon,65,165,70,20,170,60,45,170,60,60,166,60,28,169,55,Recording 7,Recording 7,Recording 6,Recording 9,Recording 8,Recording 9
3,yangyanx,55,165,60,21,170,50,30,165,55,25,170,55,23,165,50,Recording 7,Recording 6,Recording 7,Recording 8,Recording 9,Recording 8
3,abelinoj,0,0,0,0,0,0,0,0,0,0,0,0,0,0,0,Recording 7,Recording 6,Recording 7,Recording 9,Recording 8,Recording 8
3,wenbo,0,0,0,0,0,0,0,0,0,0,0,0,0,0,0,Recording 7,Recording 6,Recording 7,Recording 9,Recording 8,Recording 8
3,mahmoudi,0,0,0,0,0,0,0,0,0,0,0,0,0,0,0,Recording 7,Recording 6,Recording 7,Recording 9,Recording 8,Recording 8
3,rsingh,0,0,0,0,0,0,0,0,0,0,0,0,0,0,0,Recording 7,Recording 6,Recording 7,Recording 9,Recording 8,Recording 8
4,correct,43,153.2,88.8,40,165.8,66.1,47,162.4,98.6,49,155,74.4,59,161.6,61,Recording 6,Recording 7,Recording 6,Recording 8,Recording 8,Recording 9
4,samemon,45,170,80,22,162,60,35,160,73,55,175,65,60,165,65,Recording 7,Recording 6,Recording 6,Recording 9,Recording 9,Recording 9
4,rsingh,18,168,68,24,165,73,20,165,73,42,170,68,35,163,68,Recording 7,Recording 6,Recording 7,Recording 9,Recording 9,Recording 8
4,hyd,32,163,60,26,170,56,40,150,60,40,165,70,30,160,60,Recording 6,Recording 6,Recording 7,Recording 9,Recording 9,Recording 9
4,mahmoudi,42,168,71,23,171,63,43,169,80,55,162,68,42,167,65,Recording 6,Recording 6,Recording 7,Recording 9,Recording 8,Recording 9
4,bhikshar,40,163,75,28,172,65,30,160,65,50,178,75,35,175,70,Recording 6,Recording 6,Recording 7,Recording 8,Recording 8,Recording 9
4,yang,23,160,58,19,170,65,25,176,68,25,165,60,35,160,65,Recording 7,Recording 7,Recording 7,Recording 9,Recording 8,Recording 9
4,yandongw,25,170,60,22,160,50,23,160,70,20,160,50,20,160,70,Recording 7,Recording 7,Recording 6,Recording 9,Recording 9,Recording 8
4,abelinoj,30,170,80,20,170,65,40,165,80,30,175,65,40,175,70,Recording 6,Recording 7,Recording 6,Recording 8,Recording 9,Recording 9
4,wenbo,0,0,0,0,0,0,0,0,0,0,0,0,0,0,0,Recording 7,Recording 6,Recording 7,Recording 9,Recording 8,Recording 8
4,bmartin1,35,160,68,30,160,60,45,162,67,50,169,74,55,170,68,Recording 6,Recording 7,Recording 6,Recording 8,Recording 9,Recording 8
4,yangyanx,30,170,60,26,165,55,40,155,65,58,170,60,42,160,60,Recording 6,Recording 7,Recording 7,Recording 8,Recording 9,Recording 9
5,correct,60,164.7,67.4,36,167.5,51.7,22,165.6,61.3,43,166.6,64,27,162.4,49.3,Recording 7,Recording 6,Recording 7,Recording 9,Recording 8,Recording 8
5,samemon,47,162,63,33,168,68,18,170,55,30,168,70,23,160,45,Recording 7,Recording 6,Recording 7,Recording 8,Recording 8,Recording 8
5,abelinoj,0,0,0,0,0,0,0,0,0,0,0,0,0,0,0,Recording 7,Recording 6,Recording 7,Recording 9,Recording 8,Recording 8
5,wenbo,0,0,0,0,0,0,0,0,0,0,0,0,0,0,0,Recording 7,Recording 6,Recording 7,Recording 9,Recording 8,Recording 8
5,yang,35,165,68,28,160,62,23,168,64,40,160,68,20,156,56,Recording 7,Recording 7,Recording 6,Recording 9,Recording 8,Recording 8
5,bmartin1,41,168,72,28,158,58,20,159,55,45,170,74,21,163,58,Recording 7,Recording 7,Recording 7,Recording 9,Recording 9,Recording 9
5,yangyanx,38,155,60,32,165,55,23,165,50,40,170,55,27,165,50,Recording 7,Recording 7,Recording 7,Recording 9,Recording 8,Recording 9
5,bhikshar,60,155,55,40,175,65,28,172,65,55,170,65,18,165,70,Recording 7,Recording 7,Recording 6,Recording 8,Recording 8,Recording 8
5,rsingh,50,165,65,45,170,65,24,167,55,52,165,64,25,170,70,Recording 7,Recording 6,Recording 6,Recording 9,Recording 8,Recording 9
5,mahmoudi,33,166,70,44,168,77,22,160,62,38,168,75,18,170,58,Recording 7,Recording 6,Recording 7,Recording 8,Recording 9,Recording 9
5,hyd,43,160,62,35,168,60,25,170,70,28,170,60,22,160,50,Recording 6,Recording 6,Recording 7,Recording 8,Recording 9,Recording 8
5,yandongw,30,160,60,40,160,60,35,155,55,30,170,65,30,155,50,Recording 7,Recording 6,Recording 7,Recording 8,Recording 8,Recording 8
6,correct,48,156.4,54.3,29,162.5,58.5,32,171.4,67.2,19,169.6,61.9,43,158.1,67.9,Recording 7,Recording 6,Recording 7,Recording 9,Recording 8,Recording 9
6,rsingh,35,162,64,24,165,62,65,162,62,20,167.5,65,45,160,64,Recording 6,Recording 7,Recording 7,Recording 8,Recording 9,Recording 9
6,wenbo,0,0,0,0,0,0,0,0,0,0,0,0,0,0,0,Recording 7,Recording 6,Recording 7,Recording 9,Recording 8,Recording 8
6,bmartin1,40,160,65,26,160,55,57,158,63,21,155,50,58,155,70,Recording 7,Recording 7,Recording 7,Recording 9,Recording 8,Recording 9
6,yangyanx,32,165,55,21,170,55,65,155,60,19,170,55,38,160,60,Recording 7,Recording 7,Recording 7,Recording 9,Recording 9,Recording 9
6,yang,30,162,60,20,165,55,50,168,70,21,165,60,30,158,62,Recording 7,Recording 7,Recording 7,Recording 9,Recording 8,Recording 9
6,samemon,46,162,63,21,167,58,62,158,72,19,165,58,53,164,67,Recording 7,Recording 7,Recording 7,Recording 9,Recording 9,Recording 8
6,abelinoj,25,150,70,20,170,60,50,165,75,23,170,60,50,150,75,Recording 7,Recording 7,Recording 7,Recording 9,Recording 9,Recording 9
6,hyd,30,165,60,25,165,60,60,165,70,22,170,55,38,162,65,Recording 7,Recording 7,Recording 7,Recording 9,Recording 8,Recording 9
6,bhikshar,40,155,55,24,175,70,65,165,60,19,175,65,45,160,60,Recording 7,Recording 7,Recording 7,Recording 9,Recording 9,Recording 8
6,mahmoudi,26,165,68,21,162,70,54,160,71,19,163,62,45,165,65,Recording 7,Recording 6,Recording 7,Recording 8,Recording 8,Recording 9
6,yandongw,40,160,65,30,160,50,60,163,75,20,170,60,35,155,50,Recording 7,Recording 6,Recording 6,Recording 9,Recording 9,Recording 9
7,correct,20,161.9,63.9,71,166.7,132,19,167.8,55.7,31,166.7,64,41,166.4,88.9,Recording 7,Recording 6,Recording 6,Recording 8,Recording 9,Recording 9
7,samemon,19,165,54,57,161,80,24,164,50,25,166,58,30,163,65,Recording 7,Recording 6,Recording 6,Recording 8,Recording 9,Recording 9
7,wenbo,0,0,0,0,0,0,0,0,0,0,0,0,0,0,0,Recording 7,Recording 6,Recording 7,Recording 9,Recording 8,Recording 8
7,bmartin1,19,150,48,70,160,70,22,156,53,24,157,55,28,159,65,Recording 7,Recording 6,Recording 6,Recording 8,Recording 9,Recording 9
7,yangyanx,22,170,55,65,155,70,23,165,50,32,165,55,26,165,60,Recording 7,Recording 6,Recording 6,Recording 9,Recording 9,Recording 9
7,abelinoj,0,0,0,0,0,0,0,0,0,0,0,0,0,0,0,Recording 7,Recording 6,Recording 7,Recording 9,Recording 8,Recording 8
7,yandongw,25,160,55,55,160,65,30,155,55,25,170,60,35,160,58,Recording 6,Recording 6,Recording 6,Recording 9,Recording 9,Recording 9
7,bhikshar,30,165,60,55,170,75,30,170,65,35,170,55,30,175,65,Recording 7,Recording 6,Recording 7,Recording 8,Recording 9,Recording 9
7,hyd,20,161,56,60,165,70,22,165,55,25,165,58,29,162,55,Recording 7,Recording 6,Recording 6,Recording 8,Recording 9,Recording 9
7,mahmoudi,22,167,65,44,165,80,23,155,55,28,165,63,33,171,75,Recording 7,Recording 6,Recording 6,Recording 8,Recording 9,Recording 9
7,yang,22,165,70,65,167,65,28,165,60,21,167,67,20,156,49,Recording 7,Recording 6,Recording 7,Recording 9,Recording 9,Recording 9
7,rsingh,23,165,64,55,170,70,19,162.5,66,28,170,75,22,160,62,Recording 6,Recording 7,Recording 6,Recording 8,Recording 8,Recording 8
8,correct,32,167,64.3,35,168.5,89.4,26,166,56.9,26,168.3,76,46,154.8,59.7,Recording 6,Recording 7,Recording 6,Recording 8,Recording 8,Recording 8
8,samemon,31,158,70,21,165,50,27,166,70,40,160,60,58,155,65,Recording 6,Recording 6,Recording 6,Recording 8,Recording 8,Recording 8
8,hyd,35,166,60,26,168,58,20,158,50,32,165,65,45,165,70,Recording 6,Recording 7,Recording 6,Recording 8,Recording 8,Recording 9
8,wenbo,0,0,0,0,0,0,0,0,0,0,0,0,0,0,0,Recording 7,Recording 6,Recording 7,Recording 9,Recording 8,Recording 8
8,mahmoudi,44,160,70,23,167,57,18,168,58,47,171,65,34,161,62,Recording 6,Recording 7,Recording 6,Recording 9,Recording 8,Recording 9
8,rsingh,35,163,64,26,168,70,23,165,64,30,168,62,22,163,66,Recording 7,Recording 6,Recording 6,Recording 8,Recording 8,Recording 8
8,bhikshar,45,160,60,32,165,70,40,160,55,35,170,65,50,160,60,Recording 6,Recording 7,Recording 6,Recording 8,Recording 8,Recording 8
8,yandongw,50,160,55,20,165,55,20,155,60,25,170,65,30,155,45,Recording 6,Recording 7,Recording 7,Recording 8,Recording 9,Recording 8
8,yang,46,165,60,26,170,68,23,160,65,20,164,55,42,167,75,Recording 7,Recording 6,Recording 7,Recording 9,Recording 8,Recording 8
8,abelinoj,0,0,0,0,0,0,0,0,0,0,0,0,0,0,0,Recording 7,Recording 6,Recording 7,Recording 9,Recording 8,Recording 8
8,bmartin1,30,168,70,19,170,65,22,159,50,40,160,70,70,159,70,Recording 7,Recording 7,Recording 7,Recording 9,Recording 9,Recording 9
8,yangyanx,60,165,60,29,165,55,24,170,55,27,160,65,60,160,65,Recording 6,Recording 6,Recording 6,Recording 9,Recording 9,Recording 8
9,correct,34,176,93.6,40,167.3,88.3,36,173.7,56.8,56,161.4,58.7,22,148.9,63.6,Recording 7,Recording 6,Recording 7,Recording 8,Recording 9,Recording 8
9,samemon,23,161,62,37,164,67,20,158,50,58,159,70,19,162,55,Recording 7,Recording 7,Recording 6,Recording 8,Recording 9,Recording 8
9,mahmoudi,25,162,52,32,168,58,32,171,65,45,164,80,20,167,58,Recording 7,Recording 7,Recording 6,Recording 8,Recording 9,Recording 8
9,hyd,26,161,60,32,162,70,20,158,50,40,165,70,22,160,50,Recording 7,Recording 7,Recording 6,Recording 8,Recording 8,Recording 9
9,bhikshar,30,175,70,36,175,65,28,175,65,50,160,55,18,160,65,Recording 7,Recording 6,Recording 7,Recording 8,Recording 9,Recording 9
9,yandongw,29,170,65,40,160,60,25,160,55,55,158,75,30,160,65,Recording 6,Recording 6,Recording 7,Recording 8,Recording 9,Recording 9
9,rsingh,0,0,0,0,0,0,0,0,0,0,0,0,0,0,0,Recording 7,Recording 6,Recording 7,Recording 9,Recording 8,Recording 8
9,yang,22,166,60,28,162,62,19,158,54,38,169,68,21,162,60,Recording 7,Recording 6,Recording 7,Recording 8,Recording 8,Recording 8
9,abelinoj,0,0,0,0,0,0,0,0,0,0,0,0,0,0,0,Recording 7,Recording 6,Recording 7,Recording 9,Recording 8,Recording 8
9,bmartin1,25,170,70,45,160,70,20,155,55,65,160,70,20,155,50,Recording 7,Recording 6,Recording 7,Recording 8,Recording 8,Recording 8
9,yangyanx,35,170,55,42,155,60,30,170,50,60,160,60,23,165,55,Recording 7,Recording 6,Recording 6,Recording 8,Recording 9,Recording 9
9,wenbo,32,155,48,26,160,48,22,158,45,38,160,55,30,155,60,Recording 7,Recording 7,Recording 6,Recording 9,Recording 9,Recording 9
10,correct,21,172,75,20,163.2,81.3,33,162.2,62,32,157.5,62.1,19,163,65.8,Recording 6,Recording 6,Recording 6,Recording 9,Recording 8,Recording 8
10,samemon,23,172,68,34,155,75,41,163,70,18,153,53,28,160,58,Recording 6,Recording 6,Recording 7,Recording 9,Recording 9,Recording 8
10,mahmoudi,20,175,62,27,165,80,33,168,59,27,165,55,22,158,56,Recording 6,Recording 7,Recording 6,Recording 9,Recording 9,Recording 8
10,hyd,22,179,66,24,160,65,28,168,60,20,155,62,25,165,65,Recording 6,Recording 6,Recording 6,Recording 8,Recording 8,Recording 8
10,yang,24,172,63,28,162,68,34,166,70,35,162,55,19,160,67,Recording 6,Recording 7,Recording 6,Recording 9,Recording 8,Recording 9
10,rsingh,28,170,65,25,168,68,30,162,65,20,170,64,19,168,64,Recording 7,Recording 6,Recording 6,Recording 8,Recording 9,Recording 8
10,abelinoj,20,180,70,25,170,75,30,165,65,30,165,60,19,160,60,Recording 6,Recording 6,Recording 6,Recording 9,Recording 9,Recording 8
10,wenbo,19,170,60,30,165,66,25,170,67,18,165,55,28,166,58,Recording 6,Recording 6,Recording 7,Recording 9,Recording 9,Recording 9
10,bhikshar,28,165,70,18,160,55,35,167,65,25,170,70,24,170,70,Recording 6,Recording 6,Recording 6,Recording 8,Recording 9,Recording 9
10,bmartin1,22,170,65,24,170,80,37,170,70,25,170,65,22,165,60,Recording 6,Recording 7,Recording 6,Recording 9,Recording 9,Recording 9
10,yangyanx,22,175,55,29,165,60,32,165,55,22,175,55,21,170,55,Recording 6,Recording 6,Recording 6,Recording 9,Recording 9,Recording 9
10,yandongw,22,165,55,30,160,60,30,170,60,18,160,55,35,155,50,Recording 6,Recording 7,Recording 6,Recording 8,Recording 9,Recording 8
11,correct,20,159.7,77,64,153.9,59.9,26,175.2,78.5,26,169,98,22,169.4,62.8,Recording 6,Recording 6,Recording 7,Recording 8,Recording 9,Recording 9
11,samemon,35,167,70,29,160,80,45,165,75,19,166,58,58,158,82,Recording 6,Recording 6,Recording 6,Recording 8,Recording 9,Recording 9
11,bmartin1,32,170,76,45,170,80,33,168,74,23,155,50,33,170,70,Recording 6,Recording 7,Recording 6,Recording 9,Recording 8,Recording 9
11,mahmoudi,25,168,62,56,162,70,23,170,61,26,156,55,34,162,60,Recording 7,Recording 6,Recording 7,Recording 8,Recording 8,Recording 9
11,bhikshar,28,170,70,50,160,70,40,178,70,32,168,65,50,160,60,Recording 6,Recording 6,Recording 6,Recording 8,Recording 9,Recording 9
11,abelinoj,25,175,65,40,160,80,25,170,70,20,155,60,33,175,68,Recording 6,Recording 7,Recording 7,Recording 8,Recording 9,Recording 8
11,hyd,25,162,60,35,165,70,38,165,70,24,158,58,40,160,65,Recording 6,Recording 6,Recording 6,Recording 8,Recording 9,Recording 9
11,yandongw,35,165,80,25,168,100,40,160,60,20,155,50,60,160,65,Recording 6,Recording 7,Recording 7,Recording 8,Recording 9,Recording 8
11,yang,24,170,65,40,161,80,35,168,69,19,167,65,25,160,50,Recording 7,Recording 7,Recording 6,Recording 8,Recording 8,Recording 8
11,wenbo,30,165,65,45,165,65,25,170,70,20,165,55,35,170,65,Recording 7,Recording 6,Recording 7,Recording 8,Recording 8,Recording 8
11,rsingh,25,168,68,42,170,70,26,165,72,22,162,64,48,165,65,Recording 6,Recording 6,Recording 7,Recording 8,Recording 9,Recording 8
11,yangyanx,28,160,65,35,165,70,32,165,55,20,165,50,30,155,70,Recording 7,Recording 6,Recording 7,Recording 8,Recording 9,Recording 9
12,correct,24,163.5,86.5,18,169,56.8,54,165,64.1,65,164.6,57.3,26,167.6,82.6,Recording 6,Recording 6,Recording 6,Recording 9,Recording 8,Recording 8
12,samemon,36,167,78,24,160,62,47,158,80,71,155,90,23,168,67,Recording 6,Recording 6,Recording 6,Recording 8,Recording 9,Recording 8
12,bhikshar,30,175,65,24,175,70,55,170,70,40,160,60,28,180,70,Recording 7,Recording 6,Recording 6,Recording 8,Recording 8,Recording 9
12,mahmoudi,25,168,73,31,171,68,48,161,56,51,169,65,24,172,66,Recording 6,Recording 7,Recording 6,Recording 8,Recording 9,Recording 8
12,rsingh,40,162,70,30,168,68,45,168,72,60,160,62,35,167,68,Recording 6,Recording 6,Recording 7,Recording 8,Recording 9,Recording 9
12,hyd,27,165,65,19,160,50,48,163,80,56,164,70,22,165,60,Recording 6,Recording 7,Recording 7,Recording 9,Recording 9,Recording 8
12,yang,28,168,68,25,170,70,37,158,70,32,165,72,25,167,67,Recording 6,Recording 6,Recording 7,Recording 9,Recording 8,Recording 9
12,bmartin1,26,170,65,23,155,50,24,165,70,74,155,65,25,170,74,Recording 7,Recording 6,Recording 7,Recording 8,Recording 9,Recording 8
12,wenbo,24,165,68,33,168,60,45,167,70,50,167,75,33,170,70,Recording 7,Recording 6,Recording 7,Recording 8,Recording 9,Recording 8
12,yandongw,35,168,76,25,160,57.5,25,170,70,48,160,60,20,170,65,Recording 6,Recording 7,Recording 7,Recording 8,Recording 9,Recording 9
12,yangyanx,28,165,55,23,170,55,70,155,65,50,165,55,25,165,65,Recording 6,Recording 7,Recording 6,Recording 8,Recording 8,Recording 8
12,abelinoj,0,0,0,0,0,0,0,0,0,0,0,0,0,0,0,Recording 7,Recording 6,Recording 7,Recording 9,Recording 8,Recording 8
13,correct,23,156.1,61.4,36,164.8,54.6,20,161.8,83,58,159.4,57.3,21,169.3,146,Recording 7,Recording 7,Recording 7,Recording 9,Recording 9,Recording 9
13,samemon,29,167.5,72,43,166,75,30,162,80,57,164,85,28,160,77,Recording 6,Recording 7,Recording 6,Recording 9,Recording 9,Recording 8
13,rsingh,24,170,72,42,162,68,31,165,68,40,168,65,26,170,72,Recording 6,Recording 7,Recording 6,Recording 9,Recording 9,Recording 9
13,bmartin1,24,170,65,55,160,72,20,163,60,28,155,60,22,167,75,Recording 7,Recording 7,Recording 7,Recording 9,Recording 8,Recording 9
13,yang,32,168,65,40,170,63,42,160,68,52,158,75,28,175,69,Recording 7,Recording 7,Recording 7,Recording 9,Recording 8,Recording 8
13,yandongw,50,160,70,35,160,60,19,170,66,40,158,55,25,170,70,Recording 7,Recording 7,Recording 6,Recording 8,Recording 8,Recording 8
13,hyd,27,165,60,45,165,70,35,165,65,30,162,66,25,167,60,Recording 7,Recording 7,Recording 7,Recording 9,Recording 8,Recording 9
13,bhikshar,18,160,65,60,175,65,20,175,65,35,173,70,23,160,65,Recording 7,Recording 7,Recording 7,Recording 9,Recording 9,Recording 9
13,mahmoudi,33,165,70,33,163,66,23,155,68,42,167,65,22,160,78,Recording 6,Recording 7,Recording 6,Recording 9,Recording 9,Recording 9
13,yangyanx,45,155,70,35,165,65,27,165,65,32,155,65,26,160,60,Recording 6,Recording 7,Recording 7,Recording 9,Recording 9,Recording 9
13,wenbo,0,0,0,0,0,0,0,0,0,0,0,0,0,0,0,Recording 7,Recording 6,Recording 7,Recording 9,Recording 8,Recording 8
13,abelinoj,0,0,0,0,0,0,0,0,0,0,0,0,0,0,0,Recording 7,Recording 6,Recording 7,Recording 9,Recording 8,Recording 8
14,correct,24,157.5,96.8,26,163.7,55.2,19,164,64.1,27,172.6,73.4,29,159.1,94.6,Recording 6,Recording 7,Recording 7,Recording 9/8,Recording 9,Recording 9
14,samemon,18,167,65,50,166,78,18,164,45,21,168,70,68,165,58,Recording 7,Recording 7,Recording 7,Recording 9,Recording 8,Recording 9
14,wenbo,27,165,65,32,170,70,18,168,50,25,170,70,20,160,48,Recording 6,Recording 7,Recording 7,Recording 9,Recording 9,Recording 9
14,yang,19,165,68,23,170,70,26,162,58,32,156,68,27,170,90,Recording 7,Recording 7,Recording 6,Recording 9,Recording 9,Recording 9
14,yandongw,22,160,55,30,170,60,18,160,55,21,165,59,28,165,85,Recording 6,Recording 7,Recording 7,Recording 8,Recording 9,Recording 8
14,mahmoudi,24,165,60,47,165,80,23,159,58,26,180,72,35,162,68,Recording 7,Recording 6,Recording 7,Recording 9,Recording 8,Recording 9
14,yangyanx,19,170,55,23,165,60,19,160,50,22,165,55,23,165,55,Recording 7,Recording 7,Recording 7,Recording 9,Recording 9,Recording 8
14,rsingh,20,165,68,25,167,68,24,164,70,35,168,72,35,162,62,Recording 6,Recording 6,Recording 7,Recording 8,Recording 8,Recording 8
14,bmartin1,22,156,62,22,163,65,20,160,59,24,169,69,40,165,70,Recording 7,Recording 7,Recording 6,Recording 8,Recording 8,Recording 8
14,hyd,22,167,60,32,168,64,20,160,55,24,162,60,60,164,70,Recording 7,Recording 7,Recording 6,Recording 9,Recording 9,Recording 9
14,bhikshar,19,160,60,23,165,65,19,165,70,35,170,65,38,160,70,Recording 7,Recording 6,Recording 7,Recording 8,Recording 9,Recording 8
14,abelinoj,0,0,0,0,0,0,0,0,0,0,0,0,0,0,0,Recording 7,Recording 6,Recording 7,Recording 9,Recording 8,Recording 8
15,correct,22,162.1,64.9,30,153.1,123.2,19,166.5,71.8,60,162.5,72,37,163.6,73,Recording 6,Recording 6,Recording 6,Recording 8,Recording 8,Recording 8
15,samemon,20,167,61,33,165,68,20,170,63,55,165,90,21,170,65,Recording 7,Recording 6,Recording 6,Recording 9,Recording 8,Recording 8
15,bhikshar,32,170,70,28,165,70,42,158,55,60,180,75,45,160,65,Recording 6,Recording 6,Recording 7,Recording 8,Recording 8,Recording 8
15,hyd,25,168,65,24,165,60,23,165,50,45,160,80,30,158,65,Recording 7,Recording 6,Recording 6,Recording 8,Recording 8,Recording 9
15,mahmoudi,19,158,55,32,162,58,25,165,60,54,162,75,39,155,52,Recording 6,Recording 7,Recording 6,Recording 8,Recording 9,Recording 8
15,yandongw,30,160,65,30,155,60,25,160,50,50,160,70,40,160,75,Recording 7,Recording 7,Recording 7,Recording 8,Recording 9,Recording 9
15,yang,35,170,80,28,165,70,22,168,65,48,163,72,24,162,60,Recording 7,Recording 6,Recording 6,Recording 9,Recording 8,Recording 8
15,wenbo,23,165,50,25,170,70,30,170,55,50,158,70,45,160,55,Recording 6,Recording 6,Recording 6,Recording 8,Recording 8,Recording 8
15,yangyanx,28,165,65,26,165,55,24,160,50,70,155,65,35,160,60,Recording 7,Recording 7,Recording 7,Recording 9,Recording 8,Recording 8
15,bmartin1,30,160,70,34,160,65,19,158,55,70,159,70,30,155,55,Recording 7,Recording 6,Recording 6,Recording 8,Recording 8,Recording 8
15,rsingh,0,0,0,0,0,0,0,0,0,0,0,0,0,0,0,Recording 7,Recording 6,Recording 7,Recording 9,Recording 8,Recording 8
15,abelinoj,0,0,0,0,0,0,0,0,0,0,0,0,0,0,0,Recording 7,Recording 6,Recording 7,Recording 9,Recording 8,Recording 8
16,correct,30,182.5,99.7,67,161.5,63,79,149.8,58.6,58,158.9,122.8,21,159.2,54.8,Recording 7,Recording 7,Recording 6,Recording 8,Recording 9,Recording 8
16,samemon,26,164,65,68,163,87,65,167,70,57,169,75,20,165,50,Recording 6,Recording 7,Recording 7,Recording 8,Recording 9,Recording 8
16,yandongw,30,160,60,55,160,70,65,158,60,40,175,70,20,168,65,Recording 6,Recording 6,Recording 7,Recording 8,Recording 9,Recording 9
16,yang,28,168,72,55,155,75,60,165,65,39,168,55,23,163,63,Recording 7,Recording 6,Recording 7,Recording 8,Recording 9,Recording 9
16,wenbo,25,160,60,50,165,65,60,165,80,20,170,70,25,170,70,Recording 6,Recording 7,Recording 7,Recording 8,Recording 8,Recording 8
16,bhikshar,40,175,70,55,165,70,65,170,65,40,175,70,19,160,65,Recording 7,Recording 7,Recording 6,Recording 8,Recording 9,Recording 8
16,bmartin1,25,158,63,68,158,70,60,160,70,40,170,75,19,156,56,Recording 7,Recording 7,Recording 7,Recording 8,Recording 8,Recording 8
16,hyd,35,170,70,60,167,75,70,160,70,26,175,60,25,165,65,Recording 7,Recording 6,Recording 7,Recording 8,Recording 8,Recording 8
16,rsingh,24,164,75,45,168,68,54,167,68,25,168,74,25,162,64,Recording 6,Recording 6,Recording 7,Recording 8,Recording 8,Recording 8
16,yangyanx,30,170,65,60,160,60,65,155,65,35,170,75,22,165,50,Recording 7,Recording 7,Recording 7,Recording 8,Recording 9,Recording 9
16,mahmoudi,27,169,65,52,155,62,48,163,65,33,173,70,22,167,61,Recording 6,Recording 6,Recording 6,Recording 8,Recording 9,Recording 8
16,abelinoj,0,0,0,0,0,0,0,0,0,0,0,0,0,0,0,Recording 7,Recording 6,Recording 7,Recording 9,Recording 8,Recording 8
17,correct,22,164.3,56.3,18,159,75.2,23,151,56.4,28,168.5,89.2,52,166,76.2,Recording 6/7,Recording 6/7,Recording 6,Recording 9,Recording 9,Recording 8
17,samemon,22,167,58,27,168,67,28,164,52,19,170,64,36,168,75,Recording 6,Recording 7,Recording 6,Recording 8,Recording 8,Recording 8
17,rsingh,35,168,72,35,165,68,20,164,62,28,165,65,30,164,64,Recording 7,Recording 6,Recording 6,Recording 8,Recording 8,Recording 8
17,bhikshar,27,175,70,35,170,70,32,160,70,22,175,75,38,170,70,Recording 7,Recording 6,Recording 6,Recording 8,Recording 8,Recording 8
17,hyd,28,168,65,34,165,65,24,155,46,27,165,60,50,159,70,Recording 6,Recording 7,Recording 6,Recording 8,Recording 8,Recording 8
17,yandongw,27,165,60,40,160,60,20,155,55,20,170,60,45,168,60,Recording 7,Recording 6,Recording 6,Recording 9,Recording 8,Recording 8
17,mahmoudi,24,165,61,28,170,68,22,165,68,26,165,59,31,168,70,Recording 6,Recording 6,Recording 7,Recording 9,Recording 8,Recording 9
17,abelinoj,0,0,0,0,0,0,0,0,0,0,0,0,0,0,0,Recording 7,Recording 6,Recording 7,Recording 9,Recording 8,Recording 8
17,yang,23,175,75,26,165,65,29,170,56,32,164,68,42,172,70,Recording 7,Recording 6,Recording 7,Recording 8,Recording 9,Recording 9
17,yangyanx,25,165,60,27,165,60,26,160,55,29,165,55,35,155,65,Recording 7,Recording 7,Recording 7,Recording 9,Recording 8,Recording 8
17,bmartin1,24,170,70,25,160,62,22,150,53,22,160,57,23,160,58,Recording 6,Recording 7,Recording 6,Recording 9,Recording 8,Recording 9
17,wenbo,26,165,65,28,173,75,19,164,60,29,169,70,30,170,74,Recording 6,Recording 6,Recording 7,Recording 8,Recording 9,Recording 8
18,correct,44,152,65.1,25,164.7,58.8,29,172,68.7,26,165,113,20,155.5,53.5,Recording 6/7,Recording 6,Recording 7,Recording 9,Recording 9,Recording 9
18,hyd,40,162,70,30,160,60,26,164,60,27,170,70,20,160,55,Recording 7,Recording 6,Recording 7,Recording 9,Recording 9,Recording 9
18,mahmoudi,39,163,69,25,167,71,31,161,62,34,163,71,22,158,61,Recording 6,Recording 7,Recording 6,Recording 9,Recording 9,Recording 9
18,bhikshar,55,160,65,35,173,65,30,173,65,28,170,65,19,168,70,Recording 7,Recording 6,Recording 7,Recording 9,Recording 9,Recording 9
18,yangyanx,55,155,65,34,155,70,28,165,55,28,165,65,25,170,55,Recording 6,Recording 7,Recording 6,Recording 9,Recording 9,Recording 9
18,yandongw,40,165,65,30,160,60,30,158,55,33,165,58,20,165,55,Recording 7,Recording 7,Recording 7,Recording 9,Recording 8,Recording 8
18,yang,56,165,68,30,166,72,32,165,58,38,168,75,22,159,60,Recording 7,Recording 6,Recording 7,Recording 9,Recording 8,Recording 9
18,bmartin1,60,160,69,25,160,60,34,155,65,25,160,65,22,155,53,Recording 7,Recording 7,Recording 7,Recording 9,Recording 9,Recording 9
18,abelinoj,0,0,0,0,0,0,0,0,0,0,0,0,0,0,0,Recording 7,Recording 6,Recording 7,Recording 9,Recording 8,Recording 8
18,samemon,75,165,80,23,155,60,37,166,80,35,162,65,18,168,75,Recording 6,Recording 7,Recording 7,Recording 9,Recording 9,Recording 9
18,rsingh,50,165,67,25,168,72,35,168,68,22,170,70,32,165,68,Recording 6,Recording 7,Recording 7,Recording 9,Recording 9,Recording 9
18,wenbo,0,0,0,0,0,0,0,0,0,0,0,0,0,0,0,Recording 7,Recording 6,Recording 7,Recording 9,Recording 8,Recording 8
19,correct,52,171.4,78.1,28,167.6,64.6,22,168.8,68.5,21,158.5,57,18,164.9,78.2,Recording 7,Recording 6,Recording 6,Recording 9,Recording 8,Recording 8
19,samemon,30,158,68,19,162,60,18,168,60,25,168,62,26,163,70,Recording 7,Recording 6,Recording 7,Recording 9,Recording 8,Recording 8
19,hyd,28,165,67,22,160,55,26,165,60,24,164,62,28,167,68,Recording 7,Recording 6,Recording 7,Recording 9,Recording 8,Recording 9
19,yangyanx,36,155,65,24,165,55,26,165,55,23,160,55,27,165,65,Recording 7,Recording 7,Recording 7,Recording 9,Recording 9,Recording 9
19,yandongw,30,160,65,25,160,55,20,165,65,20,158,60,18,168,60,Recording 7,Recording 7,Recording 7,Recording 9,Recording 9,Recording 9
19,mahmoudi,0,0,0,0,0,0,0,0,0,0,0,0,0,0,0,Recording 7,Recording 6,Recording 7,Recording 9,Recording 8,Recording 8
19,bhikshar,45,170,70,22,165,70,22,180,70,19,170,65,18,165,65,Recording 7,Recording 7,Recording 7,Recording 9,Recording 8,Recording 9
19,yang,46,170,68,25,168,65,26,162,58,20,165,70,26,158,70,Recording 7,Recording 7,Recording 7,Recording 9,Recording 8,Recording 8
19,bmartin1,35,160,70,20,163,62,24,160,56,20,160,55,21,159,70,Recording 7,Recording 7,Recording 7,Recording 9,Recording 9,Recording 9
19,wenbo,30,175,80,24,167,90,28,170,80,23,163,69,27,167,55,Recording 7,Recording 6,Recording 7,Recording 9,Recording 8,Recording 9
19,rsingh,0,0,0,0,0,0,0,0,0,0,0,0,0,0,0,Recording 7,Recording 6,Recording 7,Recording 9,Recording 8,Recording 8
19,abelinoj,0,0,0,0,0,0,0,0,0,0,0,0,0,0,0,Recording 7,Recording 6,Recording 7,Recording 9,Recording 8,Recording 8
20,correct,76,167.2,65.7,34,166.1,64.3,33,167,57.4,23,167.5,58,19,164.4,75.4,Recording 6,Recording 6,Recording 6,Recording 9,Recording 8/9,Recording 8
20,wenbo,70,155,80,30,170,70,40,160,70,34,165,65,25,170,90,Recording 7,Recording 7,Recording 7,Recording 8,Recording 8,Recording 8
20,bhikshar,75,160,65,35,165,65,34,170,65,42,163,55,30,160,70,Recording 7,Recording 7,Recording 7,Recording 8,Recording 8,Recording 8
20,samemon,80,152,110,29,167,65,32,172,70,22,162,55,22,165,50,Recording 7,Recording 6,Recording 6,Recording 8,Recording 9,Recording 9
20,hyd,90,158,88,28,160,60,26,167,68,24,164,60,23,168,60,Recording 6,Recording 6,Recording 6,Recording 8,Recording 9,Recording 8
20,yangyanx,72,155,65,29,165,60,28,165,55,29,165,55,22,170,55,Recording 6,Recording 7,Recording 7,Recording 9,Recording 8,Recording 8
20,mahmoudi,72,158,60,25,165,63,25,167,59,29,165,62,19,155,58,Recording 7,Recording 6,Recording 7,Recording 8,Recording 9,Recording 8
20,yang,78,162,70,35,170,68,32,165,75,25,168,65,22,166,68,Recording 6,Recording 7,Recording 7,Recording 8,Recording 9,Recording 9
20,bmartin1,78,160,68,40,161,70,23,165,65,21,158,58,22,158,55,Recording 7,Recording 6,Recording 7,Recording 9,Recording 8,Recording 9
20,yandongw,75,155,65,40,158,60,30,165,65,25,160,60,30,165,55,Recording 6,Recording 7,Recording 6,Recording 8,Recording 8,Recording 8
20,rsingh,0,0,0,0,0,0,0,0,0,0,0,0,0,0,0,Recording 7,Recording 6,Recording 7,Recording 9,Recording 8,Recording 8
20,abelinoj,0,0,0,0,0,0,0,0,0,0,0,0,0,0,0,Recording 7,Recording 6,Recording 7,Recording 9,Recording 8,Recording 8
21,correct,20,168,89,19,161.3,65.4,30,163.3,62.4,22,163,56.4,25,151.5,58.2,Recording 6,Recording 7,Recording 6/7,Recording 8/9,Recording 8,Recording 8
21,samemon,33,163,70,19,160,55,22,165,58,39,170,61,26,158,50,Recording 6,Recording 7,Recording 6,Recording 8/9,Recording 9,Recording 9
21,yang,30,168,65,26,162,75,22,170,68,25,160,65,34,158,72,Recording 6,Recording 6,Recording 7,Recording 8,Recording 9,Recording 8
21,wenbo,33,168,55,22,169,70,26,165,65,23,162,70,35,170,66,Recording 6,Recording 7,Recording 6,Recording 9,Recording 8,Recording 9
21,yandongw,30,160,55,30,160,60,25,158,55,25,165,55,30,158,55,Recording 7,Recording 7,Recording 7,Recording 9,Recording 9,Recording 9
21,yangyanx,27,165,65,28,155,60,24,165,65,32,160,55,25,160,55,Recording 6,Recording 6,Recording 6,Recording 9,Recording 9,Recording 9
21,bhikshar,27,170,75,19,165,70,35,173,65,28,165,60,25,160,60,Recording 6,Recording 7,Recording 6,Recording 8/9,Recording 9,Recording 9
21,bmartin1,36,165,65,27,160,64,32,160,65,35,160,65,23,157,60,Recording 7,Recording 6,Recording 7,Recording 9,Recording 8,Recording 9
21,hyd,40,165,60,20,165,55,22,165,65,28,165,68,24,165,68,Recording 6,Recording 7,Recording 6,Recording 8/9,Recording 9,Recording 9
21,abelinoj,0,0,0,0,0,0,0,0,0,0,0,0,0,0,0,Recording 7,Recording 6,Recording 7,Recording 9,Recording 8,Recording 8
21,mahmoudi,0,0,0,0,0,0,0,0,0,0,0,0,0,0,0,Recording 7,Recording 6,Recording 7,Recording 9,Recording 8,Recording 8
21,rsingh,0,0,0,0,0,0,0,0,0,0,0,0,0,0,0,Recording 7,Recording 6,Recording 7,Recording 9,Recording 8,Recording 8
22,correct,22,159.5,47.9,56,175.2,93,20,161.1,52.7,22,164.4,82.1,24,161.3,48.3,Recording 6,Recording 7,Recording 6,Recording 8,Recording 9,Recording 8
22,samemon,24,164,68,56,166,65,19,164,50,25,171,63,28,173,70,Recording 6,Recording 6/7,Recording 7,Recording 8,Recording 9,Recording 8
22,hyd,26,165,65,55,165,70,22,163,55,35,165,67,22,165,65,Recording 6,Recording 6/7,Recording 6,Recording 8,Recording 9,Recording 8
22,bmartin1,27,164,64,50,160,75,24,160,60,24,160,60,22,160,60,Recording 6/7,Recording 6/7,Recording 6/7,Recording 8,Recording 8,Recording 8
22,bhikshar,35,173,65,45,165,65,20,175,70,27,165,65,18,160,65,Recording 7,Recording 6,Recording 6,Recording 8,Recording 9,Recording 8
22,yandongw,35,160,55,35,165,65,25,160,60,30,165,60,25,165,65,Recording 6,Recording 7,Recording 7,Recording 8,Recording 9,Recording 9
22,yang,26,170,65,52,162,69,19,163,58,25,165,62,22,158,58,Recording 6,Recording 7,Recording 6,Recording 8,Recording 9,Recording 8
22,yangyanx,32,165,60,42,155,65,23,165,55,30,160,70,27,165,60,Recording 6,Recording 6,Recording 6,Recording 8,Recording 9,Recording 8
22,abelinoj,0,0,0,0,0,0,0,0,0,0,0,0,0,0,0,Recording 7,Recording 6,Recording 7,Recording 9,Recording 8,Recording 8
22,mahmoudi,0,0,0,0,0,0,0,0,0,0,0,0,0,0,0,Recording 7,Recording 6,Recording 7,Recording 9,Recording 8,Recording 8
22,rsingh,0,0,0,0,0,0,0,0,0,0,0,0,0,0,0,Recording 7,Recording 6,Recording 7,Recording 9,Recording 8,Recording 8
23,correct,19,172.5,66,20,164.4,57.9,20,162.5,61.3,19,156.5,55.7,20,163,73.5,Recording 6,Recording 6,Recording 7,Recording 9,Recording 8,Recording 8
23,samemon,34,167,70,22,157,65,26,171,70,21,167,73,18,160,58,Recording 6,Recording 6,Recording 6,Recording 9,Recording 8,Recording 8/9
23,bhikshar,32,168,70,20,162,60,21,178,70,20,165,70,20,160,55,Recording 6/7,Recording 6,Recording 6,Recording 8/9,Recording 8,Recording 9
23,bmartin1,20,160,57,24,160,58,20,160,65,25,160,65,20,160,60,Recording 7,Recording 6,Recording 7,Recording 9,Recording 9,Recording 9
23,yangyanx,22,165,55,22,165,65,23,170,60,23,165,70,23,165,50,Recording 6,Recording 7,Recording 7,Recording 9,Recording 9,Recording 9
23,abelinoj,0,0,0,0,0,0,0,0,0,0,0,0,0,0,0,Recording 7,Recording 6,Recording 7,Recording 9,Recording 8,Recording 8
23,wenbo,20,160,60,22,172,70,22,168,67,19,168,56,24,163,65,Recording 7,Recording 6,Recording 7,Recording 9,Recording 9,Recording 9
23,rsingh,0,0,0,0,0,0,0,0,0,0,0,0,0,0,0,Recording 7,Recording 6,Recording 7,Recording 9,Recording 8,Recording 8
23,yandongw,25,160,58,20,160,60,35,165,65,35,165,70,20,155,55,Recording 6,Recording 7,Recording 7,Recording 9,Recording 8,Recording 8
23,hyd,27,167,65,22,168,55,23,165,64,19,160,60,20,160,55,Recording 7,Recording 6,Recording 7,Recording 8,Recording 8,Recording 8
23,yang,20,158,62,21,165,60,22,170,68,22,163,62,19,162,55,Recording 6,Recording 6,Recording 6,Recording 9,Recording 9,Recording 8
23,mahmoudi,23,162,62,23,165,61,19,162,58,28,158,63,33,158,67,Recording 7,Recording 6,Recording 7,Recording 8,Recording 9,Recording 8/9
24,correct,19,172.6,56.9,22,167.6,114,21,157.6,57,18,158,66.6,22,163.4,56.3,Recording 7,Recording 6/7,Recording 7,Recording 8,Recording 9,Recording 8
24,bhikshar,32,170,68,19,168,65,22,160,58,20,162,60,22,175,65,Recording 6/7,Recording 7,Recording 6,Recording 8,Recording 9,Recording 9
24,samemon,0,0,0,0,0,0,0,0,0,0,0,0,0,0,0,Recording 7,Recording 6,Recording 7,Recording 9,Recording 8,Recording 8
24,yandongw,25,165,65,35,160,60,30,158,55,22,160,68,20,163,65,Recording 7,Recording 6,Recording 7,Recording 9,Recording 8,Recording 9
24,yangyanx,28,165,55,25,165,65,20,170,55,20,165,55,19,160,55,Recording 7,Recording 7,Recording 7,Recording 8,Recording 8/9,Recording 8/9
24,wenbo,23,160,80,30,166,70,20,165,60,21,172,77,19,159,68,Recording 7,Recording 7,Recording 7,Recording 8,Recording 8,Recording 8
24,yang,22,168,65,29,158,60,21,165,60,30,158,57,22,165,60,Recording 7,Recording 6,Recording 7,Recording 8,Recording 9,Recording 8
24,abelinoj,0,0,0,0,0,0,0,0,0,0,0,0,0,0,0,Recording 7,Recording 6,Recording 7,Recording 9,Recording 8,Recording 8
24,rsingh,0,0,0,0,0,0,0,0,0,0,0,0,0,0,0,Recording 7,Recording 6,Recording 7,Recording 9,Recording 8,Recording 8
24,mahmoudi,0,0,0,0,0,0,0,0,0,0,0,0,0,0,0,Recording 7,Recording 6,Recording 7,Recording 9,Recording 8,Recording 8
24,bmartin1,0,0,0,0,0,0,0,0,0,0,0,0,0,0,0,Recording 7,Recording 6,Recording 7,Recording 9,Recording 8,Recording 8
24,hyd,0,0,0,0,0,0,0,0,0,0,0,0,0,0,0,Recording 7,Recording 6,Recording 7,Recording 9,Recording 8,Recording 8
25,correct,21,163,57.7,29,169.1,75.6,19,167.5,61.6,21,172,55.1,23,162.8,49.6,Recording 6,Recording 7,Recording 7,Recording 8,Recording 9,Recording 9
25,wenbo,22,170,67,28,165,65,22,172,69,19,165,66,23,160,66,Recording 7,Recording 6,Recording 6,Recording 9,Recording 9,Recording 9
25,yang,18,165,58,26,175,68,22,160,60,20,165,65,23,162,58,Recording 7,Recording 6,Recording 7,Recording 9,Recording 9,Recording 9
25,mahmoudi,20,168,64,27,165,72,25,163,67,23,162,52,25,155,55,Recording 6,Recording 7,Recording 6/7,Recording 8,Recording 9,Recording 8
25,samemon,22,162,70,35,168,75,22,170,60,19,165,55,23,160,65,Recording 6,Recording 6/7,Recording 6,Recording 9,Recording 8,Recording 9
25,abelinoj,0,0,0,0,0,0,0,0,0,0,0,0,0,0,0,Recording 7,Recording 6,Recording 7,Recording 9,Recording 8,Recording 8
25,rsingh,0,0,0,0,0,0,0,0,0,0,0,0,0,0,0,Recording 7,Recording 6,Recording 7,Recording 9,Recording 8,Recording 8
25,hyd,20,165,66,35,167,66,22,164,65,23,165,59,25,165,60,Recording 6/7,Recording 7,Recording 7,Recording 9,Recording 9,Recording 9
25,bmartin1,20,156,50,40,158,65,19,158,50,20,158,55,23,155,53,Recording 7,Recording 6/7,Recording 6/7,Recording 9,Recording 9,Recording 9
25,bhikshar,21,165,70,30,170,65,20,165,65,20,170,70,21,160,55,Recording 6/7,Recording 7,Recording 7,Recording 9,Recording 9,Recording 9
26,correct,22,162,67.5,18,164.4,68.8,19,178.6,115,21,158.7,58,65,156.2,53.8,Recording 6,Recording 6,Recording 6,Recording 9,Recording 8,Recording 8/9
26,samemon,27,170,70,26,164,80,21,172,72,32,167,65,68,160,85,Recording 6,Recording 6,Recording 6,Recording 8/9,Recording 9,Recording 8
26,wenbo,25,163,70,23,167,67,27,169,63,20,173,89,70,163,77,Recording 6,Recording 6,Recording 7,Recording 9,Recording 9,Recording 9
26,bhikshar,23,167,65,19,165,70,19,175,65,20,162,65,70,170,65,Recording 6,Recording 6,Recording 6,Recording 9,Recording 9,Recording 9
26,bmartin1,20,160,55,22,160,55,22,160,56,25,160,60,71,160,78,Recording 6,Recording 6,Recording 6,Recording 8,Recording 8,Recording 8
26,yang,20,163,65,21,165,60,22,168,80,25,168,70,65,168,88,Recording 7,Recording 7,Recording 6,Recording 9,Recording 9,Recording 9
26,yangyanx,22,165,55,23,165,65,22,165,65,22,165,55,65,155,65,Recording 6/7,Recording 6,Recording 6,Recording 8,Recording 9,Recording 9
26,abelinoj,0,0,0,0,0,0,0,0,0,0,0,0,0,0,0,Recording 7,Recording 6,Recording 7,Recording 9,Recording 8,Recording 8
26,rsingh,0,0,0,0,0,0,0,0,0,0,0,0,0,0,0,Recording 7,Recording 6,Recording 7,Recording 9,Recording 8,Recording 8
26,mahmoudi,20,162,75,22,168,70,32,165,66,21,160,58,45,163,75,Recording 6,Recording 7,Recording 6,Recording 9,Recording 9,Recording 8/9
26,yandongw,20,170,60,22,165,62,35,165,70,25,160,58,55,160,70,Recording 6,Recording 7,Recording 7,Recording 9,Recording 8,Recording 9
27,correct,22,157.6,47.5,19,162.9,63.9,27,152.5,51.6,19,164.6,55,22,159.5,45.5,Recording 6,Recording 6,Recording 6,Recording 9,Recording 8,Recording 8
27,bhikshar,18,160,65,20,165,65,24,172,65,22,172,65,21,155,55,Recording 6,Recording 7,Recording 7,Recording 9,Recording 9,Recording 9
27,yangyanx,25,160,50,22,160,55,26,165,60,24,165,55,25,165,55,Recording 6,Recording 7,Recording 7,Recording 8/9,Recording 8,Recording 8
27,yandongw,25,158,50,25,160,55,25,163,57.5,25,165,60,20,158,50,Recording 7,Recording 7,Recording 7,Recording 8,Recording 9,Recording 9
27,hyd,20,158,56,19,156,55,25,165,68,28,165,65,20,158,60,Recording 6,Recording 7,Recording 7,Recording 8,Recording 8,Recording 8
27,bmartin1,25,152,60,20,160,50,26,160,60,22,160,60,25,160,60,Recording 6/7,Recording 6/7,Recording 6/7,Recording 8/9,Recording 8/9,Recording 8/9
27,wenbo,21,159,67,18,161,45,23,169,60,25,163,69,27,162,54,Recording 6,Recording 6,Recording 6,Recording 8,Recording 9,Recording 8
27,samemon,19,169,60,20,155,55,23,171,65,23,165,65,25,164,60,Recording 6,Recording 7,Recording 7,Recording 8/9,Recording 8,Recording 9
27,abelinoj,0,0,0,0,0,0,0,0,0,0,0,0,0,0,0,Recording 7,Recording 6,Recording 7,Recording 9,Recording 8,Recording 8
27,rsingh,0,0,0,0,0,0,0,0,0,0,0,0,0,0,0,Recording 7,Recording 6,Recording 7,Recording 9,Recording 8,Recording 8
27,mahmoudi,0,0,0,0,0,0,0,0,0,0,0,0,0,0,0,Recording 7,Recording 6,Recording 7,Recording 9,Recording 8,Recording 8
28,correct,19,163,49.4,19,158.7,54.3,22,159.8,93.7,29,177,62.6,22,162.2,89.1,Recording 7,Recording 7,Recording 7,Recording 9,Recording 9,Recording 9
28,yang,18,160,60,21,165,60,23,170,62,25,165,65,23,165,70,Recording 7,Recording 6,Recording 7,Recording 9,Recording 9,Recording 9
28,wenbo,38,161,59,21,172,69,17,162,54,22,163,67,24,159,45,Recording 6,Recording 7,Recording 7,Recording 9,Recording 9,Recording 9
28,hyd,22,165,60,25,167,60,18,160,55,26,164,70,26,163,66,Recording 6/7,Recording 7,Recording 7,Recording 8,Recording 9,Recording 9
28,yandongw,22,158,58,20,165,55,19,160,53,30,163,60,19,165,66,Recording 7,Recording 6,Recording 7,Recording 8,Recording 9,Recording 9
28,yangyanx,21,165,50,21,155,50,20,165,50,24,170,65,25,155,60,Recording 6,Recording 7,Recording 7,Recording 8,Recording 9,Recording 9
28,bhikshar,19,160,60,20,175,65,20,165,70,28,175,70,24,163,60,Recording 7,Recording 7,Recording 7,Recording 8,Recording 8,Recording 8
28,samemon,19,161,55,21,167,57,18,155,45,23,168,65,21,170,68,Recording 6/7,Recording 7,Recording 7,Recording 8,Recording 9,Recording 8
28,abelinoj,0,0,0,0,0,0,0,0,0,0,0,0,0,0,0,Recording 7,Recording 6,Recording 7,Recording 9,Recording 8,Recording 8
28,rsingh,0,0,0,0,0,0,0,0,0,0,0,0,0,0,0,Recording 7,Recording 6,Recording 7,Recording 9,Recording 8,Recording 8
28,mahmoudi,0,0,0,0,0,0,0,0,0,0,0,0,0,0,0,Recording 7,Recording 6,Recording 7,Recording 9,Recording 8,Recording 8
28,bmartin1,0,0,0,0,0,0,0,0,0,0,0,0,0,0,0,Recording 7,Recording 6,Recording 7,Recording 9,Recording 8,Recording 8
29,correct,22,158,67.7,27,156.4,62.4,20,166,96.8,29,165,66,21,157.7,53.3,Recording 7,Recording 6,Recording 6,Recording 8,Recording 9,Recording 9
29,samemon,27,168,66,21,170,69,24,160,68,40,167,60,21,158,65,Recording 6/7,Recording 6/7,Recording 6,Recording 8,Recording 9,Recording 8
29,wenbo,23,165,66,21,161,63,24,163,62,20,161,67,22,164,65,Recording 6,Recording 6,Recording 6,Recording 9,Recording 8,Recording 9
29,yandongw,30,162,60,25,162,55,20,165,58,35,155,50,35,155,50,Recording 7,Recording 7,Recording 7,Recording 9,Recording 8,Recording 8
29,yangyanx,28,165,65,26,165,60,24,165,55,23,160,45,28,165,55,Recording 7,Recording 7,Recording 7,Recording 8,Recording 9,Recording 9
29,abelinoj,0,0,0,0,0,0,0,0,0,0,0,0,0,0,0,Recording 7,Recording 6,Recording 7,Recording 9,Recording 8,Recording 8
29,rsingh,0,0,0,0,0,0,0,0,0,0,0,0,0,0,0,Recording 7,Recording 6,Recording 7,Recording 9,Recording 8,Recording 8
29,mahmoudi,0,0,0,0,0,0,0,0,0,0,0,0,0,0,0,Recording 7,Recording 6,Recording 7,Recording 9,Recording 8,Recording 8
29,bhikshar,0,0,0,0,0,0,0,0,0,0,0,0,0,0,0,Recording 7,Recording 6,Recording 7,Recording 9,Recording 8,Recording 8
29,hyd,25,165,60,25,165,65,26,168,60,26,165,65,32,167,70,Recording 6/7,Recording 6,Recording 7,Recording 9,Recording 9,Recording 8
29,yang,26,165,70,25,163,60,20,168,60,25,158,60,25,165,65,Recording 6,Recording 6,Recording 6,Recording 9,Recording 8,Recording 8
29,bmartin1,25,160,60,25,160,60,23,155,50,20,155,50,25,155,65,Recording 6/7,Recording 6/7,Recording 6/7,Recording 8/9,Recording 8/9,Recording 8/9
30,correct,53,164,58,20,179,91.4,22,155.7,52.6,22,173.7,63.8,25,154.9,64.6,Recording 6,Recording 6,Recording 6,Recording 9,Recording 8,Recording 9
30,yangyanx,32,155,65,29,165,65,24,165,55,23,160,65,24,170,50,Recording 6,Recording 6,Recording 6,Recording 8/9,Recording 8,Recording 9
30,wenbo,35,159,90,35,161,59,23,169,45,33,170,79,27,169,69,Recording 6,Recording 7,Recording 6,Recording 9,Recording 9,Recording 9
30,bhikshar,35,165,70,21,175,65,30,162,60,21,175,70,28,160,70,Recording 7,Recording 6,Recording 7,Recording 8/9,Recording 9,Recording 9
30,yang,35,165,70,21,165,62,28,170,70,22,165,60,25,160,70,Recording 6,Recording 6,Recording 6,Recording 8,Recording 9,Recording 8
30,hyd,24,167,72,30,165,65,27,160,58,28,164,70,28,167,65,Recording 6/7,Recording 7,Recording 7,Recording 9,Recording 9,Recording 8/9
30,samemon,27,165,60,50,159,70,23,168,70,21,160,60,28,167,60,Recording 6,Recording 6,Recording 6,Recording 8,Recording 9,Recording 9
30,yandongw,30,165,60,30,160,55,40,160,55,18,158,50,25,160,55,Recording 6,Recording 7,Recording 7,Recording 8/9,Recording 8/9,Recording 8/9
30,abelinoj,0,0,0,0,0,0,0,0,0,0,0,0,0,0,0,Recording 7,Recording 6,Recording 7,Recording 9,Recording 8,Recording 8
30,rsingh,0,0,0,0,0,0,0,0,0,0,0,0,0,0,0,Recording 7,Recording 6,Recording 7,Recording 9,Recording 8,Recording 8
30,mahmoudi,0,0,0,0,0,0,0,0,0,0,0,0,0,0,0,Recording 7,Recording 6,Recording 7,Recording 9,Recording 8,Recording 8
30,bmartin1,0,0,0,0,0,0,0,0,0,0,0,0,0,0,0,Recording 7,Recording 6,Recording 7,Recording 9,Recording 8,Recording 8
31,correct,23,161,78.2,22,159.5,84,27,173.2,88.3,19,169,72.1,23,168.4,66.8,Recording 6/7,Recording 6,Recording 7,Recording 9,Recording 8,Recording 9
31,yangyanx,27,165,60,22,165,50,21,165,50,21,165,50,21,155,45,Recording 6,Recording 6,Recording 6,Recording 8/9,Recording 9,Recording 9
31,yandongw,40,158,56,30,160,60,23,168,58,18,157,53,20,160,56,Recording 6,Recording 6/7,Recording 6/7,Recording 8,Recording 8/9,Recording 8/9
31,yang,25,165,60,28,170,65,25,170,70,18,162,62,22,165,65,Recording 6,Recording 7,Recording 7,Recording 8,Recording 9,Recording 9
31,mahmoudi,26,162,63,24,162,70,23,165,75,26,159,75,21,163,75,Recording 7,Recording 7,Recording 6,Recording 8,Recording 8,Recording 8
31,hyd,26,165,60,25,167,80,26,167,65,23,164,55,21,164,60,Recording 6/7,Recording 7,Recording 7,Recording 9,Recording 8,Recording 9
31,bhikshar,20,170,68,23,175,75,20,165,70,19,175,65,20,165,65,Recording 6/7,Recording 6,Recording 6,Recording 8/9,Recording 8/9,Recording 9
31,samemon,20,168,70,24,163,65,20,166,65,21,170,68,19,164,75,Recording 6/7,Recording 7,Recording 7,Recording 8,Recording 9,Recording 9
31,abelinoj,0,0,0,0,0,0,0,0,0,0,0,0,0,0,0,Recording 7,Recording 6,Recording 7,Recording 9,Recording 8,Recording 8
31,rsingh,0,0,0,0,0,0,0,0,0,0,0,0,0,0,0,Recording 7,Recording 6,Recording 7,Recording 9,Recording 8,Recording 8
31,wenbo,0,0,0,0,0,0,0,0,0,0,0,0,0,0,0,Recording 7,Recording 6,Recording 7,Recording 9,Recording 8,Recording 8
31,bmartin1,0,0,0,0,0,0,0,0,0,0,0,0,0,0,0,Recording 7,Recording 6,Recording 7,Recording 9,Recording 8,Recording 8
32,correct,22,155.6,63,28,162.4,63.9,20,152.4,72.3,19,161.2,68,21,164.4,63,Recording 6,Recording 6,Recording 7,Recording 8/9,Recording 8,Recording 8
32,samemon,27,167,80,23,165,66,20,162,65,19,154,55,19,163,70,Recording 6,Recording 7,Recording 7,Recording 9,Recording 8,Recording 8
32,wenbo,21,172,88,24,163,59,20,169,73,20,163,55,19,162,60,Recording 6/7,Recording 7,Recording 7,Recording 8,Recording 9,Recording 9
32,mahmoudi,22,159,75,31,165,65,21,160,59,19,160,55,22,165,58,Recording 7,Recording 6,Recording 7,Recording 9,Recording 8/9,Recording 8
32,yandongw,20,165,60,30,158,50,20,160,55,18,158,53,28,160,60,Recording 6/7,Recording 7,Recording 7,Recording 8,Recording 9,Recording 9
32,hyd,25,165,60,27,167,60,28,167,60,20,167,55,20,165,57,Recording 6,Recording 7,Recording 7,Recording 8,Recording 9,Recording 8
32,bmartin1,0,0,0,0,0,0,0,0,0,0,0,0,0,0,0,Recording 7,Recording 6,Recording 7,Recording 9,Recording 8,Recording 8
32,bhikshar,0,0,0,0,0,0,0,0,0,0,0,0,0,0,0,Recording 7,Recording 6,Recording 7,Recording 9,Recording 8,Recording 8
32,yang,0,0,0,0,0,0,0,0,0,0,0,0,0,0,0,Recording 7,Recording 6,Recording 7,Recording 9,Recording 8,Recording 8
32,yangyanx,0,0,0,0,0,0,0,0,0,0,0,0,0,0,0,Recording 7,Recording 6,Recording 7,Recording 9,Recording 8,Recording 8
32,abelinoj,0,0,0,0,0,0,0,0,0,0,0,0,0,0,0,Recording 7,Recording 6,Recording 7,Recording 9,Recording 8,Recording 8
32,rsingh,0,0,0,0,0,0,0,0,0,0,0,0,0,0,0,Recording 7,Recording 6,Recording 7,Recording 9,Recording 8,Recording 8
33,correct,20,173.5,69.5,27,157.4,66,55,174.2,81.11,60,167.3,66.7,21,163,56.2,Recording 6/7,Recording 7,Recording 7,Recording 8,Recording 8,Recording 8
33,samemon,26,167,68,55,162,75,58,160,70,62,170,85,21,168,60,Recording 7,Recording 6,Recording 7,Recording 8,Recording 9,Recording 8
33,mahmoudi,21,165,58,38,161,72,33,166,65,34,164,67,24,164,70,Recording 7,Recording 6,Recording 7,Recording 9,Recording 8,Recording 9
33,wenbo,23,168,68,33,159,70,26,166,68,65,154,76,44,173,55,Recording 6,Recording 6,Recording 7,Recording 9,Recording 9,Recording 9
33,yandongw,25,160,60,25,160,56,43,160,58,50,155,65,25,160,58,Recording 6/7,Recording 6/7,Recording 6/7,Recording 8/9,Recording 9,Recording 9
33,bhikshar,21,163,70,20,165,70,45,172,70,55,170,65,20,165,70,Recording 6/7,Recording 6,Recording 6,Recording 8,Recording 9,Recording 9
33,bmartin1,0,0,0,0,0,0,0,0,0,0,0,0,0,0,0,Recording 7,Recording 6,Recording 7,Recording 9,Recording 8,Recording 8
33,yang,0,0,0,0,0,0,0,0,0,0,0,0,0,0,0,Recording 7,Recording 6,Recording 7,Recording 9,Recording 8,Recording 8
33,yangyanx,0,0,0,0,0,0,0,0,0,0,0,0,0,0,0,Recording 7,Recording 6,Recording 7,Recording 9,Recording 8,Recording 8
33,abelinoj,0,0,0,0,0,0,0,0,0,0,0,0,0,0,0,Recording 7,Recording 6,Recording 7,Recording 9,Recording 8,Recording 8
33,rsingh,0,0,0,0,0,0,0,0,0,0,0,0,0,0,0,Recording 7,Recording 6,Recording 7,Recording 9,Recording 8,Recording 8
33,hyd,0,0,0,0,0,0,0,0,0,0,0,0,0,0,0,Recording 7,Recording 6,Recording 7,Recording 9,Recording 8,Recording 8
34,correct,25,168.4,57.2,25,164,61.7,21,165,53.4,32,169.8,65.4,57,163.4,64.8,Recording 7,Recording 7,Recording 7,Recording 8/9,Recording 8,Recording 8
34,wenbo,26,166,76,23,172,69,24,165,60,45,165,55,50,172,67,Recording 6,Recording 7,Recording 6,Recording 9,Recording 8,Recording 9
34,bhikshar,23,170,70,28,170,65,24,178,70,28,180,70,60,163,60,Recording 7,Recording 7,Recording 6,Recording 9,Recording 8,Recording 8
34,hyd,27,164,80,25,165,60,26,165,70,24,165,60,50,164,70,Recording 6/7,Recording 6,Recording 7,Recording 9,Recording 9,Recording 8/9
34,samemon,28,169,65,21,164,60,26,166,64,42,170,70,45,161,70,Recording 6/7,Recording 7,Recording 6,Recording 8/9,Recording 8,Recording 8
34,bmartin1,0,0,0,0,0,0,0,0,0,0,0,0,0,0,0,Recording 7,Recording 6,Recording 7,Recording 9,Recording 8,Recording 8
34,yang,0,0,0,0,0,0,0,0,0,0,0,0,0,0,0,Recording 7,Recording 6,Recording 7,Recording 9,Recording 8,Recording 8
34,yangyanx,0,0,0,0,0,0,0,0,0,0,0,0,0,0,0,Recording 7,Recording 6,Recording 7,Recording 9,Recording 8,Recording 8
34,mahmoudi,0,0,0,0,0,0,0,0,0,0,0,0,0,0,0,Recording 7,Recording 6,Recording 7,Recording 9,Recording 8,Recording 8
34,yandongw,0,0,0,0,0,0,0,0,0,0,0,0,0,0,0,Recording 7,Recording 6,Recording 7,Recording 9,Recording 8,Recording 8
34,abelinoj,0,0,0,0,0,0,0,0,0,0,0,0,0,0,0,Recording 7,Recording 6,Recording 7,Recording 9,Recording 8,Recording 8
34,rsingh,0,0,0,0,0,0,0,0,0,0,0,0,0,0,0,Recording 7,Recording 6,Recording 7,Recording 9,Recording 8,Recording 8